,Time,Value
0,2023-01-17 18:45:32.809780,-114796.11508433492
1,2023-01-17 18:45:33.012836,-114788.35461706818
2,2023-01-17 18:45:33.203132,-114798.80139992725
3,2023-01-17 18:45:33.417010,-114788.20537731305
4,2023-01-17 18:45:33.611639,-114789.39929535409
5,2023-01-17 18:45:33.816066,-114796.11508433492
6,2023-01-17 18:45:34.019096,-114789.69777486434
7,2023-01-17 18:45:34.218241,-114796.11508433492
8,2023-01-17 18:45:34.420491,-114796.86128311057
9,2023-01-17 18:45:34.618341,-114794.62268678362
10,2023-01-17 18:45:34.820866,-114796.71204335544
11,2023-01-17 18:45:35.018480,-114788.35461706818
12,2023-01-17 18:45:35.215241,-114796.26432409005
13,2023-01-17 18:45:35.414763,-114791.78713143615
14,2023-01-17 18:45:35.616269,-114799.69683845804
15,2023-01-17 18:45:35.820625,-114793.87648800797
16,2023-01-17 18:45:36.010028,-114790.44397364
17,2023-01-17 18:45:36.223346,-114797.15976262082
18,2023-01-17 18:45:36.419230,-114795.07040604901
19,2023-01-17 18:45:36.620553,-114792.68256996694
20,2023-01-17 18:45:36.820651,-114797.45824213109
21,2023-01-17 18:45:37.011825,-114796.11508433492
22,2023-01-17 18:45:37.220471,-114790.74245315025
23,2023-01-17 18:45:37.419611,-114800.89075649907
24,2023-01-17 18:45:37.615908,-114796.11508433492
25,2023-01-17 18:45:37.826179,-114791.33941217077
26,2023-01-17 18:45:38.026445,-114796.71204335544
27,2023-01-17 18:45:38.220135,-114811.18829960302
28,2023-01-17 18:45:38.420754,-114789.5485351092
29,2023-01-17 18:45:38.620809,-114798.502920417
30,2023-01-17 18:45:38.828323,-114797.60748188621
31,2023-01-17 18:45:39.027505,-114801.48771551959
32,2023-01-17 18:45:39.218914,-114801.33847576447
33,2023-01-17 18:45:39.416599,-114797.75672164134
34,2023-01-17 18:45:39.624921,-114798.35368066186
35,2023-01-17 18:45:39.827822,-114801.93543478499
36,2023-01-17 18:45:40.025076,-114792.23485070154
37,2023-01-17 18:45:40.226434,-114792.9810494772
38,2023-01-17 18:45:40.431159,-114793.72724825285
39,2023-01-17 18:45:40.630800,-114803.87555160167
40,2023-01-17 18:45:40.820610,-114793.87648800797
41,2023-01-17 18:45:41.030512,-114786.11602074123
42,2023-01-17 18:45:41.218945,-114797.75672164134
43,2023-01-17 18:45:41.426901,-114795.07040604901
44,2023-01-17 18:45:41.632296,-114796.71204335544
45,2023-01-17 18:45:41.831774,-114796.41356384518
46,2023-01-17 18:45:42.032581,-114804.32327086705
47,2023-01-17 18:45:42.219962,-114804.32327086705
48,2023-01-17 18:45:42.432622,-114798.502920417
49,2023-01-17 18:45:42.630713,-114791.63789168102
50,2023-01-17 18:45:42.836173,-114791.78713143615
51,2023-01-17 18:45:43.036058,-114790.89169290538
52,2023-01-17 18:45:43.229891,-114793.13028923233
53,2023-01-17 18:45:43.436861,-114793.13028923233
54,2023-01-17 18:45:43.630480,-114796.5628036003
55,2023-01-17 18:45:43.836528,-114797.0105228657
56,2023-01-17 18:45:44.031190,-114787.60841829253
57,2023-01-17 18:45:44.236807,-114796.71204335544
58,2023-01-17 18:45:44.436171,-114792.23485070154
59,2023-01-17 18:45:44.633178,-114795.21964580414
60,2023-01-17 18:45:44.836628,-114793.57800849772
61,2023-01-17 18:45:45.034976,-114798.502920417
62,2023-01-17 18:45:45.233276,-114792.68256996694
63,2023-01-17 18:45:45.432109,-114789.25005559895
64,2023-01-17 18:45:45.638387,-114797.75672164134
65,2023-01-17 18:45:45.837617,-114792.08561094642
66,2023-01-17 18:45:46.027703,-114796.26432409005
67,2023-01-17 18:45:46.242465,-114796.71204335544
68,2023-01-17 18:45:46.436451,-114790.14549412973
69,2023-01-17 18:45:46.643291,-114800.29379747856
70,2023-01-17 18:45:46.836662,-114789.84701461947
71,2023-01-17 18:45:47.044014,-114796.11508433492
72,2023-01-17 18:45:47.239429,-114793.87648800797
73,2023-01-17 18:45:47.440396,-114790.74245315025
74,2023-01-17 18:45:47.640056,-114789.84701461947
75,2023-01-17 18:45:47.836599,-114802.23391429524
76,2023-01-17 18:45:48.040216,-114803.42783233628
77,2023-01-17 18:45:48.232103,-114802.5323938055
78,2023-01-17 18:45:48.437481,-114776.41543665779
79,2023-01-17 18:45:48.644749,-114798.65216017213
80,2023-01-17 18:45:48.844847,-114798.65216017213
81,2023-01-17 18:45:49.042901,-114799.69683845804
82,2023-01-17 18:45:49.247870,-114798.502920417
83,2023-01-17 18:45:49.448385,-114801.93543478499
84,2023-01-17 18:45:49.642120,-114792.38409045668
85,2023-01-17 18:45:49.836347,-114792.83180972206
86,2023-01-17 18:45:50.049409,-114796.5628036003
87,2023-01-17 18:45:50.249764,-114803.27859258115
88,2023-01-17 18:45:50.444610,-114800.89075649907
89,2023-01-17 18:45:50.643160,-114807.75578523504
90,2023-01-17 18:45:50.836502,-114792.9810494772
91,2023-01-17 18:45:51.050636,-114798.20444090673
92,2023-01-17 18:45:51.241456,-114799.5475987029
93,2023-01-17 18:45:51.448068,-114796.86128311057
94,2023-01-17 18:45:51.648288,-114797.30900237596
95,2023-01-17 18:45:51.838515,-114787.60841829253
96,2023-01-17 18:45:52.053081,-114794.62268678362
97,2023-01-17 18:45:52.254037,-114788.80233633357
98,2023-01-17 18:45:52.450611,-114789.5485351092
99,2023-01-17 18:45:52.648734,-114783.57894490402
100,2023-01-17 18:45:52.853450,-114789.9962543746
101,2023-01-17 18:45:53.053049,-114788.35461706818
102,2023-01-17 18:45:53.245558,-114773.13216204495
103,2023-01-17 18:45:53.448218,-114787.011459272
104,2023-01-17 18:45:53.653969,-114805.21870939783
105,2023-01-17 18:45:53.852611,-114793.13028923233
106,2023-01-17 18:45:54.045003,-114782.53426661811
107,2023-01-17 18:45:54.257630,-114779.69871127064
108,2023-01-17 18:45:54.457636,-114787.011459272
109,2023-01-17 18:45:54.658206,-114796.26432409005
110,2023-01-17 18:45:54.851916,-114789.39929535409
111,2023-01-17 18:45:55.057592,-114791.63789168102
112,2023-01-17 18:45:55.245316,-114789.9962543746
113,2023-01-17 18:45:55.450969,-114797.90596139648
114,2023-01-17 18:45:55.655964,-114796.11508433492
115,2023-01-17 18:45:55.860023,-114790.74245315025
116,2023-01-17 18:45:56.060384,-114795.36888555928
117,2023-01-17 18:45:56.261397,-114800.59227698881
118,2023-01-17 18:45:56.456824,-114789.5485351092
119,2023-01-17 18:45:56.652820,-114742.68725199848
120,2023-01-17 18:45:56.852033,-114718.06269240206
121,2023-01-17 18:45:57.057316,-114711.1976636661
122,2023-01-17 18:45:57.252070,-114715.2271370546
123,2023-01-17 18:45:57.450579,-114715.82409607511
124,2023-01-17 18:45:57.655466,-114716.2718153405
125,2023-01-17 18:45:57.860996,-114715.67485631998
126,2023-01-17 18:45:58.059063,-114714.03321901355
127,2023-01-17 18:45:58.254774,-114706.42199150193
128,2023-01-17 18:45:58.450800,-114701.04936031727
129,2023-01-17 18:45:58.654789,-114693.28889305053
130,2023-01-17 18:45:58.852652,-114686.72234382482
131,2023-01-17 18:45:59.062908,-114692.54269427487
132,2023-01-17 18:45:59.251948,-114694.63205084669
133,2023-01-17 18:45:59.461165,-114693.1396532954
134,2023-01-17 18:45:59.658532,-114692.69193403001
135,2023-01-17 18:45:59.867572,-114694.48281109156
136,2023-01-17 18:46:00.067698,-114697.31836643902
137,2023-01-17 18:46:00.264961,-114701.79555909292
138,2023-01-17 18:46:00.457594,-114694.1843315813
139,2023-01-17 18:46:00.662062,-114693.28889305053
140,2023-01-17 18:46:00.866970,-114691.1995364787
141,2023-01-17 18:46:01.069612,-114695.22900986721
142,2023-01-17 18:46:01.257199,-114696.12444839798
143,2023-01-17 18:46:01.464397,-114692.99041354026
144,2023-01-17 18:46:01.665858,-114689.25941966202
145,2023-01-17 18:46:01.867922,-114677.46947900677
146,2023-01-17 18:46:02.057829,-114690.90105696845
147,2023-01-17 18:46:02.261361,-114696.12444839798
148,2023-01-17 18:46:02.461977,-114691.1995364787
149,2023-01-17 18:46:02.669180,-114690.1548581928
150,2023-01-17 18:46:02.867140,-114688.96094015177
151,2023-01-17 18:46:03.073744,-114696.12444839798
152,2023-01-17 18:46:03.264990,-114688.36398113125
153,2023-01-17 18:46:03.463539,-114691.94573525435
154,2023-01-17 18:46:03.669652,-114695.07977011208
155,2023-01-17 18:46:03.868772,-114694.03509182617
156,2023-01-17 18:46:04.073089,-114688.96094015177
157,2023-01-17 18:46:04.267996,-114693.73661231592
158,2023-01-17 18:46:04.473090,-114690.00561843767
159,2023-01-17 18:46:04.677293,-114698.51228448006
160,2023-01-17 18:46:04.867367,-114694.33357133644
161,2023-01-17 18:46:05.075130,-114691.6472557441
162,2023-01-17 18:46:05.273568,-114686.27462455942
163,2023-01-17 18:46:05.463741,-114684.78222700812
164,2023-01-17 18:46:05.668111,-114689.40865941715
165,2023-01-17 18:46:05.866861,-114690.00561843767
166,2023-01-17 18:46:06.074088,-114693.88585207103
167,2023-01-17 18:46:06.278530,-114698.2138049698
168,2023-01-17 18:46:06.479654,-114699.10924350058
169,2023-01-17 18:46:06.667603,-114691.79649549922
170,2023-01-17 18:46:06.878327,-114687.76702211073
171,2023-01-17 18:46:07.076167,-114686.1253848043
172,2023-01-17 18:46:07.281207,-114689.40865941715
173,2023-01-17 18:46:07.482108,-114691.79649549922
174,2023-01-17 18:46:07.679188,-114699.25848325572
175,2023-01-17 18:46:07.883603,-114700.45240129674
176,2023-01-17 18:46:08.077536,-114698.06456521468
177,2023-01-17 18:46:08.284069,-114689.7071389274
178,2023-01-17 18:46:08.483726,-114697.16912668389
179,2023-01-17 18:46:08.683719,-114683.43906921196
180,2023-01-17 18:46:08.882751,-114695.97520864286
181,2023-01-17 18:46:09.080235,-114688.06550162098
182,2023-01-17 18:46:09.285988,-114690.45333770306
183,2023-01-17 18:46:09.477862,-114695.82596888773
184,2023-01-17 18:46:09.679653,-114697.76608570441
185,2023-01-17 18:46:09.879724,-114691.05029672358
186,2023-01-17 18:46:10.085292,-114689.55789917227
187,2023-01-17 18:46:10.285958,-114688.36398113125
188,2023-01-17 18:46:10.481615,-114694.63205084669
189,2023-01-17 18:46:10.687803,-114689.25941966202
190,2023-01-17 18:46:10.882424,-114700.00468203136
191,2023-01-17 18:46:11.087609,-114691.05029672358
192,2023-01-17 18:46:11.285902,-114695.22900986721
193,2023-01-17 18:46:11.477776,-114694.63205084669
194,2023-01-17 18:46:11.685256,-114685.22994627351
195,2023-01-17 18:46:11.882895,-114692.69193403001
196,2023-01-17 18:46:12.090597,-114695.97520864286
197,2023-01-17 18:46:12.285618,-114704.92959395064
198,2023-01-17 18:46:12.478076,-114702.39251811344
199,2023-01-17 18:46:12.685635,-114695.82596888773
200,2023-01-17 18:46:12.882497,-114690.00561843767
201,2023-01-17 18:46:13.089815,-114693.58737256078
202,2023-01-17 18:46:13.293156,-114698.2138049698
203,2023-01-17 18:46:13.493452,-114696.87064717364
204,2023-01-17 18:46:13.689644,-114697.01988692877
205,2023-01-17 18:46:13.890841,-114695.22900986721
206,2023-01-17 18:46:14.080135,-114697.61684594929
207,2023-01-17 18:46:14.294648,-114699.55696276597
208,2023-01-17 18:46:14.493053,-114690.90105696845
209,2023-01-17 18:46:14.682247,-114684.03602823248
210,2023-01-17 18:46:14.883065,-114697.31836643902
211,2023-01-17 18:46:15.090292,-114698.36304472493
212,2023-01-17 18:46:15.291339,-114694.78129060182
213,2023-01-17 18:46:15.495504,-114688.36398113125
214,2023-01-17 18:46:15.683625,-114693.1396532954
215,2023-01-17 18:46:15.894702,-114698.81076399032
216,2023-01-17 18:46:16.090943,-114692.69193403001
217,2023-01-17 18:46:16.293237,-114688.06550162098
218,2023-01-17 18:46:16.485444,-114695.22900986721
219,2023-01-17 18:46:16.695250,-114697.31836643902
220,2023-01-17 18:46:16.900207,-114694.78129060182
221,2023-01-17 18:46:17.093696,-114697.16912668389
222,2023-01-17 18:46:17.292624,-114695.07977011208
223,2023-01-17 18:46:17.500739,-114695.6767291326
224,2023-01-17 18:46:17.701172,-114697.91532545954
225,2023-01-17 18:46:17.898250,-114697.76608570441
226,2023-01-17 18:46:18.097527,-114703.58643615448
227,2023-01-17 18:46:18.301931,-114693.1396532954
228,2023-01-17 18:46:18.501615,-114696.7214074185
229,2023-01-17 18:46:18.698854,-114693.43813280565
230,2023-01-17 18:46:18.897532,-114689.7071389274
231,2023-01-17 18:46:19.101601,-114690.90105696845
232,2023-01-17 18:46:19.302617,-114690.90105696845
233,2023-01-17 18:46:19.494518,-114702.6909976237
234,2023-01-17 18:46:19.697721,-114695.6767291326
235,2023-01-17 18:46:19.897385,-114686.42386431455
236,2023-01-17 18:46:20.101795,-114709.40678660454
237,2023-01-17 18:46:20.302128,-114696.27368815312
238,2023-01-17 18:46:20.500252,-114698.2138049698
239,2023-01-17 18:46:20.700631,-114673.5892453734
240,2023-01-17 18:46:20.897740,-114713.13778048278
241,2023-01-17 18:46:21.107622,-114691.1995364787
242,2023-01-17 18:46:21.302109,-114689.55789917227
243,2023-01-17 18:46:21.507863,-114695.22900986721
244,2023-01-17 18:46:21.701705,-114697.91532545954
245,2023-01-17 18:46:21.899808,-114684.33450774274
246,2023-01-17 18:46:22.104944,-114696.57216766337
247,2023-01-17 18:46:22.309694,-114696.7214074185
248,2023-01-17 18:46:22.505551,-114693.88585207103
249,2023-01-17 18:46:22.709394,-114695.52748937746
250,2023-01-17 18:46:22.897454,-114694.63205084669
251,2023-01-17 18:46:23.100565,-114695.97520864286
252,2023-01-17 18:46:23.309555,-114693.28889305053
253,2023-01-17 18:46:23.507493,-114698.06456521468
254,2023-01-17 18:46:23.698408,-114699.25848325572
255,2023-01-17 18:46:23.910448,-114692.99041354026
256,2023-01-17 18:46:24.106385,-114694.63205084669
257,2023-01-17 18:46:24.310142,-114692.39345451974
258,2023-01-17 18:46:24.511900,-114697.01988692877
259,2023-01-17 18:46:24.708230,-114693.88585207103
260,2023-01-17 18:46:24.909898,-114697.76608570441
261,2023-01-17 18:46:25.107793,-114698.96000374545
262,2023-01-17 18:46:25.310208,-114675.52936219008
263,2023-01-17 18:46:25.501805,-114694.78129060182
264,2023-01-17 18:46:25.707538,-114711.64538293149
265,2023-01-17 18:46:25.912880,-114690.30409794793
266,2023-01-17 18:46:26.112827,-114683.28982945683
267,2023-01-17 18:46:26.317840,-114694.48281109156
268,2023-01-17 18:46:26.511885,-114690.60257745818
269,2023-01-17 18:46:26.711904,-114691.6472557441
270,2023-01-17 18:46:26.913644,-114686.1253848043
271,2023-01-17 18:46:27.113762,-114692.2442147646
272,2023-01-17 18:46:27.319361,-114687.76702211073
273,2023-01-17 18:46:27.512172,-114691.05029672358
274,2023-01-17 18:46:27.708844,-114699.55696276597
275,2023-01-17 18:46:27.913955,-114697.01988692877
276,2023-01-17 18:46:28.117403,-114698.96000374545
277,2023-01-17 18:46:28.318519,-114692.54269427487
278,2023-01-17 18:46:28.509849,-114692.84117378513
279,2023-01-17 18:46:28.714398,-114679.70807533372
280,2023-01-17 18:46:28.913605,-114620.75837205746
281,2023-01-17 18:46:29.118111,-114611.9532265048
282,2023-01-17 18:46:29.318480,-114611.80398674968
283,2023-01-17 18:46:29.514682,-114615.38574087279
284,2023-01-17 18:46:29.716835,-114602.4018821765
285,2023-01-17 18:46:29.914025,-114613.59486381123
286,2023-01-17 18:46:30.120867,-114611.65474699455
287,2023-01-17 18:46:30.325901,-114611.9532265048
288,2023-01-17 18:46:30.511794,-114609.4161506676
289,2023-01-17 18:46:30.726154,-114601.65568340085
290,2023-01-17 18:46:30.913496,-114602.10340266624
291,2023-01-17 18:46:31.118692,-114588.37334519431
292,2023-01-17 18:46:31.317784,-114594.3429353995
293,2023-01-17 18:46:31.522586,-114599.11860756365
294,2023-01-17 18:46:31.726879,-114594.49217515462
295,2023-01-17 18:46:31.913527,-114600.16328584956
296,2023-01-17 18:46:32.120394,-114601.80492315599
297,2023-01-17 18:46:32.325832,-114592.25357882769
298,2023-01-17 18:46:32.529425,-114598.22316903288
299,2023-01-17 18:46:32.727514,-114598.22316903288
300,2023-01-17 18:46:32.930331,-114602.4018821765
301,2023-01-17 18:46:33.129199,-114602.70036168676
302,2023-01-17 18:46:33.326633,-114600.46176535981
303,2023-01-17 18:46:33.530618,-114591.20890054177
304,2023-01-17 18:46:33.719335,-114596.58153172645
305,2023-01-17 18:46:33.926807,-114594.64141490975
306,2023-01-17 18:46:34.123719,-114608.22223262656
307,2023-01-17 18:46:34.333067,-114591.50738005203
308,2023-01-17 18:46:34.530658,-114597.02925099184
309,2023-01-17 18:46:34.719785,-114603.29732070728
310,2023-01-17 18:46:34.928287,-114592.99977760333
311,2023-01-17 18:46:35.127180,-114601.65568340085
312,2023-01-17 18:46:35.334647,-114595.53685344054
313,2023-01-17 18:46:35.534277,-114594.93989442002
314,2023-01-17 18:46:35.730854,-114595.53685344054
315,2023-01-17 18:46:35.928773,-114594.79065466489
316,2023-01-17 18:46:36.130230,-114597.17849074696
317,2023-01-17 18:46:36.333636,-114598.52164854313
318,2023-01-17 18:46:36.534279,-114595.53685344054
319,2023-01-17 18:46:36.725460,-114598.52164854313
320,2023-01-17 18:46:36.937721,-114600.01404609442
321,2023-01-17 18:46:37.137797,-114591.3581402969
322,2023-01-17 18:46:37.334054,-114601.95416291112
323,2023-01-17 18:46:37.524207,-114601.80492315599
324,2023-01-17 18:46:37.729347,-114601.3572038906
325,2023-01-17 18:46:37.927718,-114596.8800112367
326,2023-01-17 18:46:38.134707,-114589.71650299047
327,2023-01-17 18:46:38.333966,-114601.95416291112
328,2023-01-17 18:46:38.537198,-114604.78971825857
329,2023-01-17 18:46:38.732010,-114597.62621001236
330,2023-01-17 18:46:38.928682,-114592.4028185828
331,2023-01-17 18:46:39.135282,-114594.79065466489
332,2023-01-17 18:46:39.334071,-114594.64141490975
333,2023-01-17 18:46:39.538969,-114599.11860756365
334,2023-01-17 18:46:39.742953,-114584.64235131607
335,2023-01-17 18:46:39.928682,-114595.68609319566
336,2023-01-17 18:46:40.133951,-114592.25357882769
337,2023-01-17 18:46:40.342524,-114596.8800112367
338,2023-01-17 18:46:40.542638,-114594.3429353995
339,2023-01-17 18:46:40.737270,-114594.93989442002
340,2023-01-17 18:46:40.944056,-114604.64047850345
341,2023-01-17 18:46:41.134024,-114593.74597637898
342,2023-01-17 18:46:41.340749,-114588.52258494943
343,2023-01-17 18:46:41.546275,-114592.55205833794
344,2023-01-17 18:46:41.747489,-114595.8353329508
345,2023-01-17 18:46:41.933242,-114598.96936780852
346,2023-01-17 18:46:42.138127,-114595.08913417514
347,2023-01-17 18:46:42.334634,-114590.46270176613
348,2023-01-17 18:46:42.546276,-114598.82012805338
349,2023-01-17 18:46:42.736495,-114603.14808095216
350,2023-01-17 18:46:42.949481,-114595.8353329508
351,2023-01-17 18:46:43.141456,-114597.77544976748
352,2023-01-17 18:46:43.350082,-114598.52164854313
353,2023-01-17 18:46:43.545447,-114597.77544976748
354,2023-01-17 18:46:43.750084,-114596.58153172645
355,2023-01-17 18:46:43.950419,-114598.52164854313
356,2023-01-17 18:46:44.142436,-114596.8800112367
357,2023-01-17 18:46:44.350387,-114600.46176535981
358,2023-01-17 18:46:44.549511,-114595.53685344054
359,2023-01-17 18:46:44.752109,-114600.46176535981
360,2023-01-17 18:46:44.943587,-114596.58153172645
361,2023-01-17 18:46:45.144329,-114594.3429353995
362,2023-01-17 18:46:45.350558,-114589.8657427456
363,2023-01-17 18:46:45.550451,-114595.8353329508
364,2023-01-17 18:46:45.743656,-114596.28305221618
365,2023-01-17 18:46:45.944308,-114595.68609319566
366,2023-01-17 18:46:46.150425,-114594.79065466489
367,2023-01-17 18:46:46.349307,-114596.8800112367
368,2023-01-17 18:46:46.552735,-114597.17849074696
369,2023-01-17 18:46:46.745097,-114592.10433907255
370,2023-01-17 18:46:46.944345,-114599.11860756365
371,2023-01-17 18:46:47.150879,-114599.11860756365
372,2023-01-17 18:46:47.349316,-114591.3581402969
373,2023-01-17 18:46:47.553414,-114599.56632682904
374,2023-01-17 18:46:47.748908,-114597.02925099184
375,2023-01-17 18:46:47.958523,-114598.372408788
376,2023-01-17 18:46:48.147819,-114598.96936780852
377,2023-01-17 18:46:48.349004,-114591.50738005203
378,2023-01-17 18:46:48.556333,-114600.90948462521
379,2023-01-17 18:46:48.759706,-114589.26878372509
380,2023-01-17 18:46:48.953034,-114599.56632682904
381,2023-01-17 18:46:49.153976,-114596.43229197132
382,2023-01-17 18:46:49.348765,-114595.38761368541
383,2023-01-17 18:46:49.553193,-114593.44749686871
384,2023-01-17 18:46:49.756889,-114594.64141490975
385,2023-01-17 18:46:49.960630,-114597.77544976748
386,2023-01-17 18:46:50.148687,-114601.3572038906
387,2023-01-17 18:46:50.349797,-114594.64141490975
388,2023-01-17 18:46:50.563163,-114599.56632682904
389,2023-01-17 18:46:50.763928,-114598.82012805338
390,2023-01-17 18:46:50.962289,-114587.47790666352
391,2023-01-17 18:46:51.150346,-114591.95509931742
392,2023-01-17 18:46:51.360059,-114584.19463205067
393,2023-01-17 18:46:51.560813,-114591.3581402969
394,2023-01-17 18:46:51.763086,-114587.17942715327
395,2023-01-17 18:46:51.955531,-114595.08913417514
396,2023-01-17 18:46:52.151393,-114592.25357882769
397,2023-01-17 18:46:52.366526,-114593.14901735846
398,2023-01-17 18:46:52.567307,-114585.53778984684
399,2023-01-17 18:46:52.766974,-114595.98457270593
400,2023-01-17 18:46:52.966350,-114600.31252560469
401,2023-01-17 18:46:53.168672,-114585.38855009171
402,2023-01-17 18:46:53.366877,-114600.16328584956
403,2023-01-17 18:46:53.563268,-114602.70036168676
404,2023-01-17 18:46:53.767898,-114587.92562592893
405,2023-01-17 18:46:53.969983,-114604.49123874832
406,2023-01-17 18:46:54.169550,-114599.4170870739
407,2023-01-17 18:46:54.366834,-114602.84960144189
408,2023-01-17 18:46:54.571670,-114596.28305221618
409,2023-01-17 18:46:54.758362,-114600.01404609442
410,2023-01-17 18:46:54.960664,-114601.05872438033
411,2023-01-17 18:46:55.166074,-114591.95509931742
412,2023-01-17 18:46:55.363857,-114601.20796413546
413,2023-01-17 18:46:55.568911,-114592.10433907255
414,2023-01-17 18:46:55.761682,-114591.20890054177
415,2023-01-17 18:46:55.963593,-114597.77544976748
416,2023-01-17 18:46:56.174624,-114597.47697025722
417,2023-01-17 18:46:56.364918,-114593.74597637898
418,2023-01-17 18:46:56.569375,-114589.56726323535
419,2023-01-17 18:46:56.763431,-114596.73077148157
420,2023-01-17 18:46:56.974577,-114592.8505378482
421,2023-01-17 18:46:57.167066,-114590.16422225586
422,2023-01-17 18:46:57.366514,-114600.46176535981
423,2023-01-17 18:46:57.573291,-114603.29732070728
424,2023-01-17 18:46:57.771961,-114600.31252560469
425,2023-01-17 18:46:57.970605,-114582.70223449937
426,2023-01-17 18:46:58.163631,-114599.56632682904
427,2023-01-17 18:46:58.364667,-114597.02925099184
428,2023-01-17 18:46:58.568320,-114591.65661980717
429,2023-01-17 18:46:58.766335,-114585.8362693571
430,2023-01-17 18:46:58.974974,-114596.28305221618
431,2023-01-17 18:46:59.178954,-114585.23931033658
432,2023-01-17 18:46:59.380343,-114594.49217515462
433,2023-01-17 18:46:59.573483,-114593.14901735846
434,2023-01-17 18:46:59.780997,-114599.26784731878
435,2023-01-17 18:46:59.979135,-114601.05872438033
436,2023-01-17 18:47:00.168041,-114598.96936780852
437,2023-01-17 18:47:00.380892,-114594.49217515462
438,2023-01-17 18:47:00.573596,-114599.8648063393
439,2023-01-17 18:47:00.782790,-114595.53685344054
440,2023-01-17 18:47:00.975428,-114560.16703147479
441,2023-01-17 18:47:01.172625,-114527.1850455911
442,2023-01-17 18:47:01.383032,-114502.41124623957
443,2023-01-17 18:47:01.580654,-114497.48633432029
444,2023-01-17 18:47:01.782569,-114493.90458019718
445,2023-01-17 18:47:01.982740,-114505.5452810973
446,2023-01-17 18:47:02.181563,-114503.75440403573
447,2023-01-17 18:47:02.381085,-114506.88843889347
448,2023-01-17 18:47:02.581280,-114503.15744501523
449,2023-01-17 18:47:02.783076,-114500.32188966776
450,2023-01-17 18:47:02.975124,-114496.44165603438
451,2023-01-17 18:47:03.177043,-114494.5015392177
452,2023-01-17 18:47:03.380615,-114496.29241627925
453,2023-01-17 18:47:03.582880,-114502.5604859947
454,2023-01-17 18:47:03.788465,-114508.38083644476
455,2023-01-17 18:47:03.988655,-114497.18785481004
456,2023-01-17 18:47:04.184182,-114498.38177285106
457,2023-01-17 18:47:04.380229,-114498.97873187158
458,2023-01-17 18:47:04.589411,-114503.30668477034
459,2023-01-17 18:47:04.790410,-114501.96352697418
460,2023-01-17 18:47:04.983073,-114496.14317652413
461,2023-01-17 18:47:05.182266,-114499.42645113697
462,2023-01-17 18:47:05.380284,-114497.78481383054
463,2023-01-17 18:47:05.586004,-114496.29241627925
464,2023-01-17 18:47:05.790477,-114495.993936769
465,2023-01-17 18:47:05.984591,-114495.24773799334
466,2023-01-17 18:47:06.193061,-114498.23253309594
467,2023-01-17 18:47:06.380389,-114495.54621750361
468,2023-01-17 18:47:06.593881,-114506.29147987295
469,2023-01-17 18:47:06.789733,-114500.47112942289
470,2023-01-17 18:47:06.989548,-114501.66504746392
471,2023-01-17 18:47:07.180980,-114499.12797162672
472,2023-01-17 18:47:07.395665,-114495.84469701386
473,2023-01-17 18:47:07.590183,-114501.21732819853
474,2023-01-17 18:47:07.790316,-114489.12890803302
475,2023-01-17 18:47:07.992259,-114492.561422401
476,2023-01-17 18:47:08.196366,-114508.38083644476
477,2023-01-17 18:47:08.382059,-114502.5604859947
478,2023-01-17 18:47:08.589412,-114500.91884868828
479,2023-01-17 18:47:08.790613,-114494.20305970743
480,2023-01-17 18:47:08.995631,-114500.17264991262
481,2023-01-17 18:47:09.183640,-114499.72493064724
482,2023-01-17 18:47:09.398701,-114503.60516428061
483,2023-01-17 18:47:09.588902,-114494.35229946257
484,2023-01-17 18:47:09.798796,-114500.32188966776
485,2023-01-17 18:47:09.997414,-114494.0538199523
486,2023-01-17 18:47:10.188144,-114498.23253309594
487,2023-01-17 18:47:10.388047,-114488.23346950224
488,2023-01-17 18:47:10.594925,-114490.77054533944
489,2023-01-17 18:47:10.799164,-114497.33709456515
490,2023-01-17 18:47:10.999721,-114498.5310126062
491,2023-01-17 18:47:11.196474,-114501.81428721905
492,2023-01-17 18:47:11.396574,-114492.41218264587
493,2023-01-17 18:47:11.597481,-114489.12890803302
494,2023-01-17 18:47:11.799636,-114495.993936769
495,2023-01-17 18:47:12.004522,-114498.68025236133
496,2023-01-17 18:47:12.194198,-114497.0386150549
497,2023-01-17 18:47:12.396395,-114491.81522362535
498,2023-01-17 18:47:12.598053,-114492.561422401
499,2023-01-17 18:47:12.799058,-114495.69545725873
500,2023-01-17 18:47:12.993042,-114487.63651048172
501,2023-01-17 18:47:13.195400,-114494.65077897282
502,2023-01-17 18:47:13.406607,-114496.14317652413
503,2023-01-17 18:47:13.594569,-114497.78481383054
504,2023-01-17 18:47:13.806575,-114497.93405358568
505,2023-01-17 18:47:14.001197,-114498.82949211646
506,2023-01-17 18:47:14.207583,-114496.14317652413
507,2023-01-17 18:47:14.396455,-114499.12797162672
508,2023-01-17 18:47:14.608756,-114499.27721138185
509,2023-01-17 18:47:14.806495,-114497.63557407542
510,2023-01-17 18:47:15.008443,-114487.63651048172
511,2023-01-17 18:47:15.208595,-114496.29241627925
512,2023-01-17 18:47:15.409085,-114494.20305970743
513,2023-01-17 18:47:15.608660,-114497.78481383054
514,2023-01-17 18:47:15.812167,-114500.02341015749
515,2023-01-17 18:47:16.007531,-114493.15838142153
516,2023-01-17 18:47:16.207963,-114495.24773799334
517,2023-01-17 18:47:16.411731,-114497.63557407542
518,2023-01-17 18:47:16.612864,-114498.97873187158
519,2023-01-17 18:47:16.807354,-114494.35229946257
520,2023-01-17 18:47:17.001715,-114490.0243465638
521,2023-01-17 18:47:17.204249,-114495.24773799334
522,2023-01-17 18:47:17.414070,-114491.21826460485
523,2023-01-17 18:47:17.607711,-114498.68025236133
524,2023-01-17 18:47:17.814971,-114496.88937529977
525,2023-01-17 18:47:18.009432,-114495.84469701386
526,2023-01-17 18:47:18.215088,-114502.70972574982
527,2023-01-17 18:47:18.416370,-114496.44165603438
528,2023-01-17 18:47:18.613899,-114508.5300761999
529,2023-01-17 18:47:18.814943,-114495.39697774847
530,2023-01-17 18:47:19.015039,-114496.44165603438
531,2023-01-17 18:47:19.204092,-114503.00820526009
532,2023-01-17 18:47:19.411844,-114505.24680158704
533,2023-01-17 18:47:19.610676,-114500.62036917801
534,2023-01-17 18:47:19.814464,-114494.80001872795
535,2023-01-17 18:47:20.015227,-114500.62036917801
536,2023-01-17 18:47:20.210726,-114505.69452085243
537,2023-01-17 18:47:20.411188,-114498.08329334081
538,2023-01-17 18:47:20.611983,-114501.5158077088
539,2023-01-17 18:47:20.816610,-114501.66504746392
540,2023-01-17 18:47:21.020977,-114508.23159668963
541,2023-01-17 18:47:21.221645,-114501.0680884434
542,2023-01-17 18:47:21.408640,-114495.993936769
543,2023-01-17 18:47:21.616031,-114503.15744501523
544,2023-01-17 18:47:21.823261,-114506.88843889347
545,2023-01-17 18:47:22.020216,-114499.5756908921
546,2023-01-17 18:47:22.211977,-114494.94925848309
547,2023-01-17 18:47:22.411549,-114501.66504746392
548,2023-01-17 18:47:22.622682,-114499.27721138185
549,2023-01-17 18:47:22.824815,-114493.60610068691
550,2023-01-17 18:47:23.022230,-114498.5310126062
551,2023-01-17 18:47:23.215595,-114497.0386150549
552,2023-01-17 18:47:23.425472,-114498.23253309594
553,2023-01-17 18:47:23.616243,-114495.39697774847
554,2023-01-17 18:47:23.822356,-114496.88937529977
555,2023-01-17 18:47:24.022583,-114493.30762117666
556,2023-01-17 18:47:24.227418,-114492.561422401
557,2023-01-17 18:47:24.425477,-114492.26294289075
558,2023-01-17 18:47:24.616899,-114501.36656795366
559,2023-01-17 18:47:24.823031,-114507.33615815885
560,2023-01-17 18:47:25.021162,-114485.9948731753
561,2023-01-17 18:47:25.224988,-114508.38083644476
562,2023-01-17 18:47:25.423656,-114489.57662729842
563,2023-01-17 18:47:25.622112,-114486.14411293043
564,2023-01-17 18:47:25.830821,-114489.42738754328
565,2023-01-17 18:47:26.022007,-114494.35229946257
566,2023-01-17 18:47:26.228463,-114497.18785481004
567,2023-01-17 18:47:26.426318,-114501.36656795366
568,2023-01-17 18:47:26.620780,-114497.18785481004
569,2023-01-17 18:47:26.831964,-114497.18785481004
570,2023-01-17 18:47:27.026489,-114508.5300761999
571,2023-01-17 18:47:27.223122,-114495.39697774847
572,2023-01-17 18:47:27.434111,-114499.87417040237
573,2023-01-17 18:47:27.622267,-114500.02341015749
574,2023-01-17 18:47:27.831241,-114503.75440403573
575,2023-01-17 18:47:28.019922,-114505.99300036268
576,2023-01-17 18:47:28.228119,-114499.27721138185
577,2023-01-17 18:47:28.425200,-114504.94832207677
578,2023-01-17 18:47:28.627280,-114500.76960893314
579,2023-01-17 18:47:28.831200,-114499.72493064724
580,2023-01-17 18:47:29.030649,-114493.30762117666
581,2023-01-17 18:47:29.223256,-114499.87417040237
582,2023-01-17 18:47:29.426569,-114499.27721138185
583,2023-01-17 18:47:29.629557,-114500.47112942289
584,2023-01-17 18:47:29.837974,-114509.5747544858
585,2023-01-17 18:47:30.038039,-114511.36563154735
586,2023-01-17 18:47:30.230420,-114486.29335268556
587,2023-01-17 18:47:30.431994,-114503.90364379087
588,2023-01-17 18:47:30.639006,-114505.24680158704
589,2023-01-17 18:47:30.831224,-114502.41124623957
590,2023-01-17 18:47:31.027542,-114495.69545725873
591,2023-01-17 18:47:31.228795,-114498.68025236133
592,2023-01-17 18:47:31.441213,-114496.59089578952
593,2023-01-17 18:47:31.632507,-114508.5300761999
594,2023-01-17 18:47:31.831269,-114506.88843889347
595,2023-01-17 18:47:32.041392,-114503.90364379087
596,2023-01-17 18:47:32.231034,-114498.68025236133
597,2023-01-17 18:47:32.428616,-114503.15744501523
598,2023-01-17 18:47:32.634503,-114503.90364379087
599,2023-01-17 18:47:32.831036,-114497.78481383054
600,2023-01-17 18:47:33.043568,-114497.93405358568
601,2023-01-17 18:47:33.231631,-114426.59745063366
602,2023-01-17 18:47:33.442712,-114423.91113504131
603,2023-01-17 18:47:33.631993,-114406.15160418088
604,2023-01-17 18:47:33.831042,-114411.82271487582
605,2023-01-17 18:47:34.038720,-114406.59932344627
606,2023-01-17 18:47:34.244219,-114410.03183781425
607,2023-01-17 18:47:34.444462,-114413.7628316925
608,2023-01-17 18:47:34.634685,-114410.92727634503
609,2023-01-17 18:47:34.847891,-114408.83791977321
610,2023-01-17 18:47:35.037629,-114405.40540540524
611,2023-01-17 18:47:35.247817,-114396.1525405872
612,2023-01-17 18:47:35.444919,-114395.7048213218
613,2023-01-17 18:47:35.634299,-114399.88353446544
614,2023-01-17 18:47:35.846449,-114403.46528858854
615,2023-01-17 18:47:36.040440,-114406.59932344627
616,2023-01-17 18:47:36.247182,-114402.42061030264
617,2023-01-17 18:47:36.447714,-114397.64493813849
618,2023-01-17 18:47:36.638660,-114392.86926597434
619,2023-01-17 18:47:36.847850,-114406.30084393601
620,2023-01-17 18:47:37.045911,-114402.7190898129
621,2023-01-17 18:47:37.250855,-114403.46528858854
622,2023-01-17 18:47:37.451632,-114404.50996687445
623,2023-01-17 18:47:37.637633,-114398.39113691413
624,2023-01-17 18:47:37.852775,-114401.37593201673
625,2023-01-17 18:47:38.047270,-114406.89780295653
626,2023-01-17 18:47:38.244275,-114397.04797911797
627,2023-01-17 18:47:38.445186,-114400.03277422056
628,2023-01-17 18:47:38.644983,-114406.7485632014
629,2023-01-17 18:47:38.847724,-114399.13733568978
630,2023-01-17 18:47:39.052872,-114391.97382744355
631,2023-01-17 18:47:39.256070,-114399.58505495517
632,2023-01-17 18:47:39.442944,-114393.61546474998
633,2023-01-17 18:47:39.656603,-114399.58505495517
634,2023-01-17 18:47:39.847653,-114398.09265740387
635,2023-01-17 18:47:40.054956,-114401.07745250648
636,2023-01-17 18:47:40.256542,-114396.74949960771
637,2023-01-17 18:47:40.448945,-114394.95862254615
638,2023-01-17 18:47:40.651179,-114395.40634181154
639,2023-01-17 18:47:40.847321,-114393.16774548459
640,2023-01-17 18:47:41.053399,-114398.24189715901
641,2023-01-17 18:47:41.247293,-114403.46528858854
642,2023-01-17 18:47:41.447404,-114397.79417789362
643,2023-01-17 18:47:41.654125,-114399.88353446544
644,2023-01-17 18:47:41.847355,-114396.60025985258
645,2023-01-17 18:47:42.053016,-114405.55464516036
646,2023-01-17 18:47:42.255701,-114398.24189715901
647,2023-01-17 18:47:42.457335,-114397.1972188731
648,2023-01-17 18:47:42.662945,-114398.54037666926
649,2023-01-17 18:47:42.861899,-114392.86926597434
650,2023-01-17 18:47:43.054972,-114399.7342947103
651,2023-01-17 18:47:43.259921,-114400.18201397569
652,2023-01-17 18:47:43.458307,-114394.51090328077
653,2023-01-17 18:47:43.662024,-114400.18201397569
654,2023-01-17 18:47:43.862867,-114399.88353446544
655,2023-01-17 18:47:44.054831,-114395.55558156667
656,2023-01-17 18:47:44.263249,-114398.39113691413
657,2023-01-17 18:47:44.463773,-114398.09265740387
658,2023-01-17 18:47:44.652882,-114401.67441152698
659,2023-01-17 18:47:44.861660,-114403.31604883341
660,2023-01-17 18:47:45.064863,-114398.24189715901
661,2023-01-17 18:47:45.261058,-114393.31698523973
662,2023-01-17 18:47:45.467036,-114401.97289103725
663,2023-01-17 18:47:45.661898,-114406.30084393601
664,2023-01-17 18:47:45.867576,-114390.92914915764
665,2023-01-17 18:47:46.068277,-114397.64493813849
666,2023-01-17 18:47:46.270185,-114395.55558156667
667,2023-01-17 18:47:46.466927,-114398.54037666926
668,2023-01-17 18:47:46.666211,-114398.6896164244
669,2023-01-17 18:47:46.870574,-114393.31698523973
670,2023-01-17 18:47:47.063906,-114398.09265740387
671,2023-01-17 18:47:47.271416,-114400.33125373082
672,2023-01-17 18:47:47.457852,-114401.2266922616
673,2023-01-17 18:47:47.666141,-114395.55558156667
674,2023-01-17 18:47:47.862727,-114405.85312467063
675,2023-01-17 18:47:48.067148,-114402.56985005777
676,2023-01-17 18:47:48.271616,-114401.97289103725
677,2023-01-17 18:47:48.466396,-114402.2713705475
678,2023-01-17 18:47:48.663634,-114397.94341764874
679,2023-01-17 18:47:48.861650,-114397.04797911797
680,2023-01-17 18:47:49.068742,-114401.37593201673
681,2023-01-17 18:47:49.260462,-114397.94341764874
682,2023-01-17 18:47:49.472402,-114392.7200262192
683,2023-01-17 18:47:49.671684,-114398.39113691413
684,2023-01-17 18:47:49.876161,-114401.97289103725
685,2023-01-17 18:47:50.072367,-114397.04797911797
686,2023-01-17 18:47:50.262899,-114403.61452834368
687,2023-01-17 18:47:50.471653,-114399.43581520005
688,2023-01-17 18:47:50.662940,-114406.59932344627
689,2023-01-17 18:47:50.864809,-114403.61452834368
690,2023-01-17 18:47:51.070570,-114402.86832956802
691,2023-01-17 18:47:51.263918,-114398.54037666926
692,2023-01-17 18:47:51.472508,-114395.85406107693
693,2023-01-17 18:47:51.677744,-114388.39207332044
694,2023-01-17 18:47:51.878896,-114393.46622499486
695,2023-01-17 18:47:52.069790,-114403.31604883341
696,2023-01-17 18:47:52.273788,-114398.83885617953
697,2023-01-17 18:47:52.476129,-114402.7190898129
698,2023-01-17 18:47:52.667270,-114402.56985005777
699,2023-01-17 18:47:52.880422,-114399.88353446544
700,2023-01-17 18:47:53.070364,-114405.2561656501
701,2023-01-17 18:47:53.275367,-114402.56985005777
702,2023-01-17 18:47:53.478254,-114408.09172099757
703,2023-01-17 18:47:53.675825,-114406.15160418088
704,2023-01-17 18:47:53.878253,-114410.47955707964
705,2023-01-17 18:47:54.073103,-114401.67441152698
706,2023-01-17 18:47:54.271556,-114400.03277422056
707,2023-01-17 18:47:54.479638,-114399.13733568978
708,2023-01-17 18:47:54.685807,-114396.1525405872
709,2023-01-17 18:47:54.879042,-114405.2561656501
710,2023-01-17 18:47:55.086041,-114406.89780295653
711,2023-01-17 18:47:55.280369,-114397.94341764874
712,2023-01-17 18:47:55.472891,-114400.33125373082
713,2023-01-17 18:47:55.673768,-114401.2266922616
714,2023-01-17 18:47:55.882105,-114392.27230695382
715,2023-01-17 18:47:56.079713,-114398.98809593465
716,2023-01-17 18:47:56.285555,-114401.97289103725
717,2023-01-17 18:47:56.475172,-114396.45102009745
718,2023-01-17 18:47:56.687639,-114394.36166352563
719,2023-01-17 18:47:56.877885,-114396.74949960771
720,2023-01-17 18:47:57.078872,-114408.2409607527
721,2023-01-17 18:47:57.287223,-114392.12306719869
722,2023-01-17 18:47:57.488699,-114408.09172099757
723,2023-01-17 18:47:57.679948,-114399.43581520005
724,2023-01-17 18:47:57.877567,-114394.51090328077
725,2023-01-17 18:47:58.085910,-114395.40634181154
726,2023-01-17 18:47:58.288089,-114408.6886800181
727,2023-01-17 18:47:58.489950,-114394.2124237705
728,2023-01-17 18:47:58.688062,-114407.04704271167
729,2023-01-17 18:47:58.893235,-114399.58505495517
730,2023-01-17 18:47:59.082984,-114404.06224760906
731,2023-01-17 18:47:59.288261,-114399.58505495517
732,2023-01-17 18:47:59.480329,-114398.83885617953
733,2023-01-17 18:47:59.693352,-114405.40540540524
734,2023-01-17 18:47:59.895146,-114400.92821275134
735,2023-01-17 18:48:00.094595,-114401.67441152698
736,2023-01-17 18:48:00.296070,-114401.52517177186
737,2023-01-17 18:48:00.496181,-114398.54037666926
738,2023-01-17 18:48:00.690108,-114397.34645862822
739,2023-01-17 18:48:00.895672,-114399.88353446544
740,2023-01-17 18:48:01.091468,-114400.48049348596
741,2023-01-17 18:48:01.296603,-114395.10786230129
742,2023-01-17 18:48:01.490447,-114403.61452834368
743,2023-01-17 18:48:01.695856,-114399.28657544492
744,2023-01-17 18:48:01.896723,-114385.85499748324
745,2023-01-17 18:48:02.085660,-114386.75043601402
746,2023-01-17 18:48:02.296420,-114405.2561656501
747,2023-01-17 18:48:02.494434,-114414.35979071302
748,2023-01-17 18:48:02.700689,-114398.09265740387
749,2023-01-17 18:48:02.893797,-114394.80938279102
750,2023-01-17 18:48:03.097980,-114402.2713705475
751,2023-01-17 18:48:03.296464,-114401.07745250648
752,2023-01-17 18:48:03.495848,-114400.92821275134
753,2023-01-17 18:48:03.696597,-114399.43581520005
754,2023-01-17 18:48:03.895457,-114394.51090328077
755,2023-01-17 18:48:04.099934,-114397.79417789362
756,2023-01-17 18:48:04.296858,-114401.82365128212
757,2023-01-17 18:48:04.490972,-114397.64493813849
758,2023-01-17 18:48:04.689415,-114397.04797911797
759,2023-01-17 18:48:04.893650,-114402.12213079238
760,2023-01-17 18:48:05.096438,-114402.56985005777
761,2023-01-17 18:48:05.304369,-114394.95862254615
762,2023-01-17 18:48:05.503533,-114337.20283731094
763,2023-01-17 18:48:05.691772,-114326.30833518646
764,2023-01-17 18:48:05.894441,-114312.13055844913
765,2023-01-17 18:48:06.104664,-114307.80260555037
766,2023-01-17 18:48:06.304327,-114313.02599697992
767,2023-01-17 18:48:06.506200,-114323.472779839
768,2023-01-17 18:48:06.695892,-114307.20564652985
769,2023-01-17 18:48:06.908991,-114314.9661137966
770,2023-01-17 18:48:07.098017,-114314.81687404147
771,2023-01-17 18:48:07.308388,-114313.17523673504
772,2023-01-17 18:48:07.504321,-114292.28167101688
773,2023-01-17 18:48:07.705039,-114297.50506244642
774,2023-01-17 18:48:07.908000,-114299.8928985285
775,2023-01-17 18:48:08.102704,-114298.99745999771
776,2023-01-17 18:48:08.304102,-114299.44517926312
777,2023-01-17 18:48:08.503419,-114300.48985754902
778,2023-01-17 18:48:08.707262,-114303.17617314136
779,2023-01-17 18:48:08.911589,-114297.65430220155
780,2023-01-17 18:48:09.104911,-114301.68377559006
781,2023-01-17 18:48:09.305321,-114296.9081034259
782,2023-01-17 18:48:09.502804,-114295.56494562974
783,2023-01-17 18:48:09.701846,-114296.31114440538
784,2023-01-17 18:48:09.911124,-114296.60962391565
785,2023-01-17 18:48:10.113927,-114305.11628995804
786,2023-01-17 18:48:10.313961,-114294.3710275887
787,2023-01-17 18:48:10.510471,-114293.77406856818
788,2023-01-17 18:48:10.708324,-114301.08681656954
789,2023-01-17 18:48:10.912644,-114297.3558226913
790,2023-01-17 18:48:11.102902,-114304.51933093752
791,2023-01-17 18:48:11.313922,-114295.56494562974
792,2023-01-17 18:48:11.509542,-114292.8786300374
793,2023-01-17 18:48:11.709372,-114296.16190465026
794,2023-01-17 18:48:11.910179,-114294.81874685409
795,2023-01-17 18:48:12.105493,-114295.26646611947
796,2023-01-17 18:48:12.313374,-114289.59535542455
797,2023-01-17 18:48:12.511372,-114293.62482881304
798,2023-01-17 18:48:12.717883,-114302.4299743657
799,2023-01-17 18:48:12.908265,-114289.8938349348
800,2023-01-17 18:48:13.108398,-114291.08775297584
801,2023-01-17 18:48:13.320948,-114291.3862324861
802,2023-01-17 18:48:13.520246,-114296.31114440538
803,2023-01-17 18:48:13.721029,-114299.29593950798
804,2023-01-17 18:48:13.911570,-114297.65430220155
805,2023-01-17 18:48:14.112621,-114303.62389240674
806,2023-01-17 18:48:14.320348,-114300.63909730414
807,2023-01-17 18:48:14.517627,-114305.71324897856
808,2023-01-17 18:48:14.722782,-114294.52026734383
809,2023-01-17 18:48:14.924641,-114294.07254807845
810,2023-01-17 18:48:15.120947,-114302.72845387597
811,2023-01-17 18:48:15.320459,-114296.60962391565
812,2023-01-17 18:48:15.518736,-114305.26552971317
813,2023-01-17 18:48:15.711568,-114300.34061779389
814,2023-01-17 18:48:15.925020,-114294.81874685409
815,2023-01-17 18:48:16.119018,-114301.68377559006
816,2023-01-17 18:48:16.320189,-114306.16096824394
817,2023-01-17 18:48:16.521220,-114303.02693338622
818,2023-01-17 18:48:16.720528,-114302.57921412084
819,2023-01-17 18:48:16.922987,-114301.83301534518
820,2023-01-17 18:48:17.113275,-114302.28073461057
821,2023-01-17 18:48:17.324495,-114294.52026734383
822,2023-01-17 18:48:17.521936,-114300.04213828364
823,2023-01-17 18:48:17.728334,-114296.16190465026
824,2023-01-17 18:48:17.923705,-114299.29593950798
825,2023-01-17 18:48:18.115196,-114294.52026734383
826,2023-01-17 18:48:18.328728,-114292.28167101688
827,2023-01-17 18:48:18.523833,-114300.04213828364
828,2023-01-17 18:48:18.720797,-114293.77406856818
829,2023-01-17 18:48:18.924974,-114294.3710275887
830,2023-01-17 18:48:19.130454,-114304.07161167213
831,2023-01-17 18:48:19.331696,-114296.75886367078
832,2023-01-17 18:48:19.522052,-114294.96798660922
833,2023-01-17 18:48:19.729746,-114300.78833705928
834,2023-01-17 18:48:19.928575,-114300.48985754902
835,2023-01-17 18:48:20.131630,-114300.19137803875
836,2023-01-17 18:48:20.330174,-114292.13243126175
837,2023-01-17 18:48:20.524603,-114298.40050097721
838,2023-01-17 18:48:20.731772,-114293.92330832331
839,2023-01-17 18:48:20.925903,-114302.72845387597
840,2023-01-17 18:48:21.131968,-114303.02693338622
841,2023-01-17 18:48:21.335554,-114297.9527817118
842,2023-01-17 18:48:21.527802,-114287.65523860785
843,2023-01-17 18:48:21.734778,-114298.40050097721
844,2023-01-17 18:48:21.924355,-114304.81781044778
845,2023-01-17 18:48:22.123193,-114319.59254620563
846,2023-01-17 18:48:22.336472,-114300.63909730414
847,2023-01-17 18:48:22.536841,-114300.19137803875
848,2023-01-17 18:48:22.737387,-114299.8928985285
849,2023-01-17 18:48:22.924680,-114305.26552971317
850,2023-01-17 18:48:23.127819,-114302.13149485545
851,2023-01-17 18:48:23.339312,-114289.14763615916
852,2023-01-17 18:48:23.536972,-114296.46038416051
853,2023-01-17 18:48:23.726305,-114299.29593950798
854,2023-01-17 18:48:23.939770,-114299.8928985285
855,2023-01-17 18:48:24.137052,-114304.66857069265
856,2023-01-17 18:48:24.341063,-114295.71418538487
857,2023-01-17 18:48:24.536875,-114290.19231444507
858,2023-01-17 18:48:24.727496,-114299.8928985285
859,2023-01-17 18:48:24.941162,-114304.9670502029
860,2023-01-17 18:48:25.137062,-114298.25126122207
861,2023-01-17 18:48:25.336311,-114303.32541289649
862,2023-01-17 18:48:25.534123,-114305.4147694683
863,2023-01-17 18:48:25.736915,-114303.32541289649
864,2023-01-17 18:48:25.938336,-114301.53453583493
865,2023-01-17 18:48:26.133404,-114306.31020799908
866,2023-01-17 18:48:26.344312,-114301.98225510032
867,2023-01-17 18:48:26.533533,-114297.50506244642
868,2023-01-17 18:48:26.731488,-114300.34061779389
869,2023-01-17 18:48:26.943157,-114301.83301534518
870,2023-01-17 18:48:27.131964,-114298.25126122207
871,2023-01-17 18:48:27.345556,-114299.8928985285
872,2023-01-17 18:48:27.536833,-114303.47465265161
873,2023-01-17 18:48:27.741803,-114303.02693338622
874,2023-01-17 18:48:27.941182,-114299.14669975285
875,2023-01-17 18:48:28.146455,-114305.86248873369
876,2023-01-17 18:48:28.345005,-114312.4290379594
877,2023-01-17 18:48:28.538170,-114303.02693338622
878,2023-01-17 18:48:28.744203,-114299.74365877337
879,2023-01-17 18:48:28.945015,-114304.3700911824
880,2023-01-17 18:48:29.143609,-114308.99652359141
881,2023-01-17 18:48:29.345836,-114313.9214355107
882,2023-01-17 18:48:29.543640,-114289.29687591428
883,2023-01-17 18:48:29.748671,-114297.3558226913
884,2023-01-17 18:48:29.950953,-114303.47465265161
885,2023-01-17 18:48:30.152845,-114290.04307468994
886,2023-01-17 18:48:30.384831,-114306.45944775421
887,2023-01-17 18:48:30.551862,-114298.69898048746
888,2023-01-17 18:48:30.753289,-114301.3852960798
889,2023-01-17 18:48:30.953041,-114302.72845387597
890,2023-01-17 18:48:31.149006,-114303.77313216188
891,2023-01-17 18:48:31.340670,-114303.32541289649
892,2023-01-17 18:48:31.547264,-114307.05640677473
893,2023-01-17 18:48:31.753785,-114307.20564652985
894,2023-01-17 18:48:31.953107,-114302.57921412084
895,2023-01-17 18:48:32.148776,-114304.22085142726
896,2023-01-17 18:48:32.356527,-114302.28073461057
897,2023-01-17 18:48:32.557128,-114298.99745999771
898,2023-01-17 18:48:32.753866,-114305.56400922342
899,2023-01-17 18:48:32.953814,-114304.81781044778
900,2023-01-17 18:48:33.154022,-114301.08681656954
901,2023-01-17 18:48:33.346275,-114299.14669975285
902,2023-01-17 18:48:33.559413,-114305.71324897856
903,2023-01-17 18:48:33.758924,-114301.23605632466
904,2023-01-17 18:48:33.959891,-114293.02786979252
905,2023-01-17 18:48:34.146963,-114304.66857069265
906,2023-01-17 18:48:34.353067,-114304.3700911824
907,2023-01-17 18:48:34.560248,-114295.11722636435
908,2023-01-17 18:48:34.757476,-114308.25032481576
909,2023-01-17 18:48:34.954994,-114306.45944775421
910,2023-01-17 18:48:35.158286,-114302.87769363109
911,2023-01-17 18:48:35.356180,-114307.50412604012
912,2023-01-17 18:48:35.560541,-114302.13149485545
913,2023-01-17 18:48:35.756713,-114300.78833705928
914,2023-01-17 18:48:35.957463,-114302.28073461057
915,2023-01-17 18:48:36.151576,-114305.4147694683
916,2023-01-17 18:48:36.357153,-114301.23605632466
917,2023-01-17 18:48:36.563847,-114301.08681656954
918,2023-01-17 18:48:36.760936,-114304.3700911824
919,2023-01-17 18:48:36.964121,-114293.47558905793
920,2023-01-17 18:48:37.162280,-114291.68471199636
921,2023-01-17 18:48:37.365587,-114294.22178783357
922,2023-01-17 18:48:37.556226,-114298.99745999771
923,2023-01-17 18:48:37.761407,-114304.07161167213
924,2023-01-17 18:48:37.963123,-114308.3995645709
925,2023-01-17 18:48:38.199402,-114296.01266489513
926,2023-01-17 18:48:38.366790,-114293.92330832331
927,2023-01-17 18:48:38.568239,-114299.59441901823
928,2023-01-17 18:48:38.761039,-114298.10202146694
929,2023-01-17 18:48:38.968309,-114299.8928985285
930,2023-01-17 18:48:39.167616,-114289.74459517968
931,2023-01-17 18:48:39.370196,-114300.34061779389
932,2023-01-17 18:48:39.570174,-114302.28073461057
933,2023-01-17 18:48:39.769645,-114292.28167101688
934,2023-01-17 18:48:39.956052,-114295.56494562974
935,2023-01-17 18:48:40.172233,-114294.66950709895
936,2023-01-17 18:48:40.367557,-114295.11722636435
937,2023-01-17 18:48:40.569497,-114301.68377559006
938,2023-01-17 18:48:40.760815,-114296.01266489513
939,2023-01-17 18:48:40.973427,-114304.9670502029
940,2023-01-17 18:48:41.161587,-114300.19137803875
941,2023-01-17 18:48:41.368830,-114301.53453583493
942,2023-01-17 18:48:41.567321,-114306.75792726447
943,2023-01-17 18:48:41.768760,-114298.69898048746
944,2023-01-17 18:48:41.961635,-114296.31114440538
945,2023-01-17 18:48:42.171148,-114304.22085142726
946,2023-01-17 18:48:42.376339,-114297.05734318103
947,2023-01-17 18:48:42.567145,-114300.34061779389
948,2023-01-17 18:48:42.774257,-114299.74365877337
949,2023-01-17 18:48:42.972433,-114305.71324897856
950,2023-01-17 18:48:43.170574,-114297.65430220155
951,2023-01-17 18:48:43.368039,-114299.44517926312
952,2023-01-17 18:48:43.568978,-114304.51933093752
953,2023-01-17 18:48:43.773003,-114302.13149485545
954,2023-01-17 18:48:43.978077,-114305.4147694683
955,2023-01-17 18:48:44.178934,-114302.28073461057
956,2023-01-17 18:48:44.375254,-114303.17617314136
957,2023-01-17 18:48:44.576462,-114306.16096824394
958,2023-01-17 18:48:44.778202,-114306.01172848883
959,2023-01-17 18:48:44.976215,-114302.13149485545
960,2023-01-17 18:48:45.175762,-114305.11628995804
961,2023-01-17 18:48:45.376564,-114305.56400922342
962,2023-01-17 18:48:45.585418,-114303.77313216188
963,2023-01-17 18:48:45.778832,-114308.25032481576
964,2023-01-17 18:48:45.980574,-114307.35488628499
965,2023-01-17 18:48:46.183252,-114301.23605632466
966,2023-01-17 18:48:46.379284,-114304.66857069265
967,2023-01-17 18:48:46.582348,-114302.28073461057
968,2023-01-17 18:48:46.778727,-114308.69804408116
969,2023-01-17 18:48:46.983901,-114293.92330832331
970,2023-01-17 18:48:47.184657,-114298.8482202426
971,2023-01-17 18:48:47.384446,-114304.51933093752
972,2023-01-17 18:48:47.585183,-114298.40050097721
973,2023-01-17 18:48:47.782626,-114294.52026734383
974,2023-01-17 18:48:47.975549,-114304.22085142726
975,2023-01-17 18:48:48.185747,-114301.08681656954
976,2023-01-17 18:48:48.385407,-114300.93757681441
977,2023-01-17 18:48:48.586606,-114305.11628995804
978,2023-01-17 18:48:48.778603,-114291.3862324861
979,2023-01-17 18:48:48.973653,-114306.45944775421
980,2023-01-17 18:48:49.184594,-114304.51933093752
981,2023-01-17 18:48:49.385245,-114309.59348261193
982,2023-01-17 18:48:49.574750,-114306.45944775421
983,2023-01-17 18:48:49.787990,-114305.71324897856
984,2023-01-17 18:48:49.988601,-114302.4299743657
985,2023-01-17 18:48:50.185961,-114291.3862324861
986,2023-01-17 18:48:50.376412,-114307.35488628499
987,2023-01-17 18:48:50.588908,-114303.02693338622
988,2023-01-17 18:48:50.786339,-114303.17617314136
989,2023-01-17 18:48:50.976912,-114291.3862324861
990,2023-01-17 18:48:51.180202,-114294.96798660922
991,2023-01-17 18:48:51.392299,-114295.86342513999
992,2023-01-17 18:48:51.589026,-114301.53453583493
993,2023-01-17 18:48:51.794182,-114303.17617314136
994,2023-01-17 18:48:51.987355,-114297.3558226913
995,2023-01-17 18:48:52.189770,-114295.86342513999
996,2023-01-17 18:48:52.393334,-114303.62389240674
997,2023-01-17 18:48:52.587077,-114294.3710275887
998,2023-01-17 18:48:52.788405,-114302.13149485545
999,2023-01-17 18:48:52.988345,-114306.01172848883
1000,2023-01-17 18:48:53.196198,-114297.20658293617
1001,2023-01-17 18:48:53.393351,-114297.80354195669
1002,2023-01-17 18:48:53.587621,-114305.11628995804
1003,2023-01-17 18:48:53.797425,-114297.05734318103
1004,2023-01-17 18:48:53.993647,-114297.80354195669
1005,2023-01-17 18:48:54.194853,-114301.68377559006
1006,2023-01-17 18:48:54.393382,-114299.44517926312
1007,2023-01-17 18:48:54.596171,-114296.31114440538
1008,2023-01-17 18:48:54.792253,-114300.19137803875
1009,2023-01-17 18:48:54.986647,-114298.99745999771
1010,2023-01-17 18:48:55.191717,-114301.08681656954
1011,2023-01-17 18:48:55.393257,-114307.20564652985
1012,2023-01-17 18:48:55.596530,-114295.71418538487
1013,2023-01-17 18:48:55.795451,-114301.68377559006
1014,2023-01-17 18:48:55.999389,-114302.57921412084
1015,2023-01-17 18:48:56.193587,-114302.4299743657
1016,2023-01-17 18:48:56.396982,-114303.62389240674
1017,2023-01-17 18:48:56.589294,-114298.8482202426
1018,2023-01-17 18:48:56.792282,-114299.59441901823
1019,2023-01-17 18:48:56.993066,-114303.47465265161
1020,2023-01-17 18:48:57.196421,-114303.77313216188
1021,2023-01-17 18:48:57.401312,-114304.81781044778
1022,2023-01-17 18:48:57.603902,-114298.10202146694
1023,2023-01-17 18:48:57.796956,-114295.11722636435
1024,2023-01-17 18:48:58.001688,-114299.44517926312
1025,2023-01-17 18:48:58.204207,-114296.9081034259
1026,2023-01-17 18:48:58.403608,-114296.75886367078
1027,2023-01-17 18:48:58.598970,-114291.08775297584
1028,2023-01-17 18:48:58.807187,-114302.4299743657
1029,2023-01-17 18:48:58.999896,-114300.04213828364
1030,2023-01-17 18:48:59.204188,-114296.75886367078
1031,2023-01-17 18:48:59.392892,-114301.3852960798
1032,2023-01-17 18:48:59.600382,-114301.83301534518
1033,2023-01-17 18:48:59.801254,-114295.11722636435
1034,2023-01-17 18:49:00.008643,-114304.66857069265
1035,2023-01-17 18:49:00.198725,-114298.69898048746
1036,2023-01-17 18:49:00.398125,-114304.9670502029
1037,2023-01-17 18:49:00.603739,-114300.04213828364
1038,2023-01-17 18:49:00.798440,-114294.81874685409
1039,2023-01-17 18:49:01.006825,-114302.4299743657
1040,2023-01-17 18:49:01.201959,-114301.98225510032
1041,2023-01-17 18:49:01.408481,-114293.47558905793
1042,2023-01-17 18:49:01.598244,-114292.13243126175
1043,2023-01-17 18:49:01.806479,-114295.71418538487
1044,2023-01-17 18:49:02.012287,-114308.99652359141
1045,2023-01-17 18:49:02.209390,-114304.51933093752
1046,2023-01-17 18:49:02.398304,-114298.8482202426
1047,2023-01-17 18:49:02.607741,-114292.28167101688
1048,2023-01-17 18:49:02.814195,-114292.28167101688
1049,2023-01-17 18:49:03.002526,-114297.9527817118
1050,2023-01-17 18:49:03.211539,-114303.02693338622
1051,2023-01-17 18:49:03.413331,-114296.60962391565
1052,2023-01-17 18:49:03.612298,-114301.53453583493
1053,2023-01-17 18:49:03.812760,-114297.3558226913
1054,2023-01-17 18:49:04.016709,-114298.40050097721
1055,2023-01-17 18:49:04.213903,-114300.78833705928
1056,2023-01-17 18:49:04.414343,-114295.86342513999
1057,2023-01-17 18:49:04.610833,-114298.10202146694
1058,2023-01-17 18:49:04.814767,-114293.62482881304
1059,2023-01-17 18:49:05.017842,-114300.93757681441
1060,2023-01-17 18:49:05.218553,-114297.9527817118
1061,2023-01-17 18:49:05.412976,-114297.20658293617
1062,2023-01-17 18:49:05.619672,-114296.9081034259
1063,2023-01-17 18:49:05.814433,-114300.48985754902
1064,2023-01-17 18:49:06.018450,-114302.72845387597
1065,2023-01-17 18:49:06.220442,-114299.44517926312
1066,2023-01-17 18:49:06.418913,-114301.53453583493
1067,2023-01-17 18:49:06.615332,-114297.05734318103
1068,2023-01-17 18:49:06.816080,-114300.48985754902
1069,2023-01-17 18:49:07.018198,-114303.62389240674
1070,2023-01-17 18:49:07.218775,-114308.3995645709
1071,2023-01-17 18:49:07.420392,-114293.02786979252
1072,2023-01-17 18:49:07.621897,-114292.58015052714
1073,2023-01-17 18:49:07.817286,-114299.29593950798
1074,2023-01-17 18:49:08.020073,-114301.08681656954
1075,2023-01-17 18:49:08.218354,-114296.46038416051
1076,2023-01-17 18:49:08.421575,-114292.28167101688
1077,2023-01-17 18:49:08.618790,-114293.47558905793
1078,2023-01-17 18:49:08.821842,-114293.02786979252
1079,2023-01-17 18:49:09.023189,-114300.63909730414
1080,2023-01-17 18:49:09.225681,-114301.23605632466
1081,2023-01-17 18:49:09.427229,-114300.48985754902
1082,2023-01-17 18:49:09.624077,-114288.10295787326
1083,2023-01-17 18:49:09.828407,-114300.78833705928
1084,2023-01-17 18:49:10.028951,-114304.3700911824
1085,2023-01-17 18:49:10.223913,-114304.22085142726
1086,2023-01-17 18:49:10.428263,-114302.4299743657
1087,2023-01-17 18:49:10.629710,-114304.66857069265
1088,2023-01-17 18:49:10.828873,-114299.14669975285
1089,2023-01-17 18:49:11.029819,-114299.14669975285
1090,2023-01-17 18:49:11.229981,-114301.08681656954
1091,2023-01-17 18:49:11.430627,-114302.4299743657
1092,2023-01-17 18:49:11.631394,-114301.83301534518
1093,2023-01-17 18:49:11.831041,-114301.3852960798
1094,2023-01-17 18:49:12.031387,-114292.28167101688
1095,2023-01-17 18:49:12.233495,-114300.93757681441
1096,2023-01-17 18:49:12.429110,-114301.23605632466
1097,2023-01-17 18:49:12.633035,-114304.66857069265
1098,2023-01-17 18:49:12.829304,-114300.34061779389
1099,2023-01-17 18:49:13.019811,-114303.17617314136
1100,2023-01-17 18:49:13.230501,-114297.50506244642
1101,2023-01-17 18:49:13.427553,-114295.86342513999
1102,2023-01-17 18:49:13.631125,-114297.05734318103
1103,2023-01-17 18:49:13.834629,-114293.62482881304
1104,2023-01-17 18:49:14.030359,-114301.83301534518
1105,2023-01-17 18:49:14.232984,-114303.62389240674
1106,2023-01-17 18:49:14.433389,-114302.87769363109
1107,2023-01-17 18:49:14.636454,-114304.66857069265
1108,2023-01-17 18:49:14.825492,-114304.3700911824
1109,2023-01-17 18:49:15.036949,-114293.92330832331
1110,2023-01-17 18:49:15.224178,-114304.9670502029
1111,2023-01-17 18:49:15.436876,-114304.66857069265
1112,2023-01-17 18:49:15.632980,-114300.93757681441
1113,2023-01-17 18:49:15.836749,-114305.86248873369
1114,2023-01-17 18:49:16.039245,-114309.29500310168
1115,2023-01-17 18:49:16.233495,-114303.77313216188
1116,2023-01-17 18:49:16.437450,-114303.62389240674
1117,2023-01-17 18:49:16.635824,-114300.78833705928
1118,2023-01-17 18:49:16.840663,-114303.47465265161
1119,2023-01-17 18:49:17.039772,-114294.22178783357
1120,2023-01-17 18:49:17.235968,-114301.98225510032
1121,2023-01-17 18:49:17.434480,-114299.74365877337
1122,2023-01-17 18:49:17.648503,-114303.922371917
1123,2023-01-17 18:49:17.837408,-114306.9071670196
1124,2023-01-17 18:49:18.042193,-114304.81781044778
1125,2023-01-17 18:49:18.233590,-114299.8928985285
1126,2023-01-17 18:49:18.437264,-114304.07161167213
1127,2023-01-17 18:49:18.642562,-114302.57921412084
1128,2023-01-17 18:49:18.842243,-114299.74365877337
1129,2023-01-17 18:49:19.040042,-114299.59441901823
1130,2023-01-17 18:49:19.240021,-114303.32541289649
1131,2023-01-17 18:49:19.441413,-114311.08588016323
1132,2023-01-17 18:49:19.644537,-114304.81781044778
1133,2023-01-17 18:49:19.842021,-114307.80260555037
1134,2023-01-17 18:49:20.043598,-114301.68377559006
1135,2023-01-17 18:49:20.234387,-114304.9670502029
1136,2023-01-17 18:49:20.447621,-114302.72845387597
1137,2023-01-17 18:49:20.641308,-114308.10108506064
1138,2023-01-17 18:49:20.845656,-114302.28073461057
1139,2023-01-17 18:49:21.048252,-114305.56400922342
1140,2023-01-17 18:49:21.240041,-114306.9071670196
1141,2023-01-17 18:49:21.449146,-114300.93757681441
1142,2023-01-17 18:49:21.649908,-114303.32541289649
1143,2023-01-17 18:49:21.849994,-114306.31020799908
1144,2023-01-17 18:49:22.043025,-114300.63909730414
1145,2023-01-17 18:49:22.242289,-114312.4290379594
1146,2023-01-17 18:49:22.447720,-114306.45944775421
1147,2023-01-17 18:49:22.649543,-114306.9071670196
1148,2023-01-17 18:49:22.842165,-114303.17617314136
1149,2023-01-17 18:49:23.040471,-114301.83301534518
1150,2023-01-17 18:49:23.246118,-114296.46038416051
1151,2023-01-17 18:49:23.450466,-114296.31114440538
1152,2023-01-17 18:49:23.642083,-114291.3862324861
1153,2023-01-17 18:49:23.853760,-114299.8928985285
1154,2023-01-17 18:49:24.053455,-114301.3852960798
1155,2023-01-17 18:49:24.251119,-114306.01172848883
1156,2023-01-17 18:49:24.454659,-114303.17617314136
1157,2023-01-17 18:49:24.650023,-114301.08681656954
1158,2023-01-17 18:49:24.849985,-114301.83301534518
1159,2023-01-17 18:49:25.055268,-114306.60868750933
1160,2023-01-17 18:49:25.255907,-114304.07161167213
1161,2023-01-17 18:49:25.457691,-114304.81781044778
1162,2023-01-17 18:49:25.642458,-114301.53453583493
1163,2023-01-17 18:49:25.857285,-114297.20658293617
1164,2023-01-17 18:49:26.058482,-114304.66857069265
1165,2023-01-17 18:49:26.251962,-114308.10108506064
1166,2023-01-17 18:49:26.458746,-114303.32541289649
1167,2023-01-17 18:49:26.659559,-114305.71324897856
1168,2023-01-17 18:49:26.859512,-114306.31020799908
1169,2023-01-17 18:49:27.055041,-114298.10202146694
1170,2023-01-17 18:49:27.260645,-114292.8786300374
1171,2023-01-17 18:49:27.457395,-114300.19137803875
1172,2023-01-17 18:49:27.656861,-114305.86248873369
1173,2023-01-17 18:49:27.858238,-114303.922371917
1174,2023-01-17 18:49:28.058314,-114303.77313216188
1175,2023-01-17 18:49:28.256618,-114306.45944775421
1176,2023-01-17 18:49:28.456100,-114303.32541289649
1177,2023-01-17 18:49:28.660521,-114305.4147694683
1178,2023-01-17 18:49:28.862816,-114300.48985754902
1179,2023-01-17 18:49:29.063252,-114302.87769363109
1180,2023-01-17 18:49:29.259849,-114300.04213828364
1181,2023-01-17 18:49:29.459366,-114303.47465265161
1182,2023-01-17 18:49:29.660964,-114303.17617314136
1183,2023-01-17 18:49:29.861182,-114298.10202146694
1184,2023-01-17 18:49:30.058888,-114301.3852960798
1185,2023-01-17 18:49:30.266803,-114301.53453583493
1186,2023-01-17 18:49:30.460194,-114305.56400922342
1187,2023-01-17 18:49:30.667675,-114300.04213828364
1188,2023-01-17 18:49:30.867913,-114295.11722636435
1189,2023-01-17 18:49:31.066971,-114309.29500310168
1190,2023-01-17 18:49:31.258004,-114302.28073461057
