{
	"reference_points":{
		"1": [10.5,6.5,0],
		"2": [160.5,6.5,0],
		"3": [310.5,6.5,0],
		"4": [10.5,106.5,0]
	},
    "slots":{
		"3": {
			"name": "tip_rack",
			"filepath": "control-lab-le/examples/Labware/sartorious_robotic_96_tiprack_1000ul.json"
		},
		"1": {
			"name": "balance",
			"filepath": "control-lab-le/examples/Labware/labware.json"
		},
		"2": {
			"name": "jars",
			"filepath": "control-lab-le/examples/Labware/labware.json"
		},
		"4": {
			"name": "bin",
			"filepath": "control-lab-le/examples/Labware/labware.json"
		}
	}
}